{
  "siteUrl": "http://localhost:8885",
  "phpVersion": "8.3",
  "wordpressVersion": "6.8.1",
  "plugins": [
    {
      "name": "complianz-gdpr",
      "status": "inactive",
      "version": "7.4.1"
    },
    {
      "name": "cookie-law-info",
      "status": "active",
      "version": "3.3.1"
    },
    {
      "name": "elementor",
      "status": "active",
      "version": "3.30.1"
    },
    {
      "name": "hello-plus",
      "status": "active",
      "version": "1.6.2"
    },
    {
      "name": "insert-pages",
      "status": "active",
      "version": "3.9.2"
    },
    {
      "name": "pro-elements",
      "status": "active",
      "version": "3.29.0"
    }
  ],
  "themes": [
    {
      "name": "hello-biz",
      "status": "active",
      "version": "1.1.1"
    },
    {
      "name": "twentytwentyfive",
      "status": "inactive",
      "version": "1.2"
    },
    {
      "name": "twentytwentyfour",
      "status": "inactive",
      "version": "1.3"
    },
    {
      "name": "twentytwentythree",
      "status": "inactive",
      "version": "1.6"
    }
  ]
}